id,sexo,edad_cat,region,nivel_educativo,imagen,peso
1,femenino,30-44,Región Pampeana,prim,negativa,1.2299
2,femenino,45-59,Región Pampeana,prim,positiva,1.5627
3,masculino,45-59,Región Metropolitana,univ,positiva,1.2021
4,femenino,16-29,Región Metropolitana,prim,positiva,0.7161
5,masculino,45-59,Región Patagonia,terc,positiva,1.2102
6,femenino,45-59,Región Metropolitana,prim,positiva,1.1633
7,femenino,16-29,Región Metropolitana,prim,negativa,0.7161
8,femenino,45-59,Región Metropolitana,terc,positiva,1.0735
9,femenino,16-29,Región Pampeana,prim,positiva,0.9619
10,masculino,30-44,Región Pampeana,terc,positiva,1.0097
11,femenino,45-59,Región Metropolitana,sec,positiva,1.0199
12,masculino,16-29,Región Metropolitana,prim,negativa,0.6371
13,femenino,60+,Región Metropolitana,prim,negativa,1.4535
14,masculino,16-29,Región Metropolitana,sec,positiva,0.5586
15,femenino,16-29,Región Metropolitana,univ,positiva,0.8317
16,masculino,45-59,Región Patagonia,prim,negativa,1.3115
17,femenino,30-44,Región Metropolitana,univ,positiva,1.0634
18,masculino,30-44,Región Pampeana,sec,positiva,0.9594
19,femenino,30-44,Región Metropolitana,univ,positiva,1.0634
20,masculino,16-29,Región Metropolitana,prim,positiva,0.6371
21,femenino,60+,Región NEA,sec,negativa,1.6069
22,masculino,30-44,Región Metropolitana,terc,positiva,0.7517
23,femenino,45-59,Región Metropolitana,terc,negativa,1.0735
24,masculino,30-44,Región Patagonia,prim,negativa,1.0322
25,masculino,30-44,Región Pampeana,sec,negativa,0.9594
26,femenino,45-59,Región Metropolitana,prim,negativa,1.1633
27,femenino,45-59,Región NOA,terc,positiva,1.4998
28,femenino,16-29,Región Pampeana,univ,positiva,1.1172
29,masculino,60+,Región NOA,sec,negativa,1.5842
30,masculino,60+,Región Metropolitana,univ,positiva,1.502
31,femenino,30-44,Región Metropolitana,sec,negativa,0.8027
32,femenino,16-29,Región Metropolitana,univ,positiva,0.8317
33,femenino,30-44,Región Cuyo,sec,positiva,1.0099
34,masculino,16-29,Región NEA,sec,positiva,0.7043
35,masculino,30-44,Región Pampeana,univ,negativa,1.2709
36,masculino,45-59,Región Pampeana,sec,positiva,1.219
37,femenino,30-44,Región Metropolitana,terc,positiva,0.8449
38,femenino,30-44,Región Metropolitana,sec,negativa,0.8027
39,masculino,60+,Región NOA,sec,negativa,1.5842
40,masculino,60+,Región Pampeana,prim,negativa,1.7372
41,masculino,16-29,Región Patagonia,prim,positiva,0.8073
42,masculino,60+,Región Metropolitana,sec,negativa,1.1338
43,masculino,45-59,Región Metropolitana,sec,negativa,0.9074
44,femenino,60+,Región Metropolitana,prim,negativa,1.4535
45,femenino,30-44,Región Metropolitana,prim,negativa,0.9155
46,masculino,16-29,Región Cuyo,sec,negativa,0.7027
47,masculino,60+,Región Metropolitana,prim,negativa,1.2932
48,femenino,16-29,Región Cuyo,sec,negativa,0.7898
49,masculino,45-59,Región Patagonia,terc,positiva,1.2102
50,masculino,60+,Región Patagonia,terc,negativa,1.5122
51,femenino,45-59,Región Metropolitana,prim,negativa,1.1633
52,masculino,16-29,Región Metropolitana,univ,positiva,0.74
53,masculino,30-44,Región Pampeana,prim,negativa,1.0942
54,masculino,30-44,Región NEA,sec,negativa,0.9005
55,femenino,30-44,Región Metropolitana,sec,positiva,0.8027
56,femenino,45-59,Región Metropolitana,prim,positiva,1.1633
57,femenino,16-29,Región NEA,sec,positiva,0.7916
58,femenino,60+,Región Pampeana,prim,negativa,1.9525
59,femenino,16-29,Región Metropolitana,sec,negativa,0.6278
60,masculino,30-44,Región Metropolitana,sec,negativa,0.7142
61,femenino,45-59,Región Pampeana,terc,negativa,1.442
62,masculino,30-44,Región Metropolitana,sec,positiva,0.7142
63,femenino,60+,Región NEA,terc,negativa,1.6912
64,masculino,16-29,Región NEA,sec,negativa,0.7043
65,masculino,16-29,Región Metropolitana,sec,positiva,0.5586
66,masculino,45-59,Región Metropolitana,terc,positiva,0.9551
67,femenino,60+,Región Pampeana,prim,negativa,1.9525
68,femenino,45-59,Región Metropolitana,prim,negativa,1.1633
69,femenino,45-59,Región Patagonia,sec,negativa,1.2924
70,femenino,60+,Región NEA,prim,negativa,1.8327
71,femenino,16-29,Región Pampeana,prim,positiva,0.9619
72,masculino,16-29,Región Cuyo,sec,negativa,0.7027
73,masculino,30-44,Región Pampeana,sec,negativa,0.9594
74,femenino,30-44,Región Metropolitana,sec,positiva,0.8027
75,masculino,16-29,Región Pampeana,prim,negativa,0.8558
76,femenino,45-59,Región Metropolitana,prim,negativa,1.1633
77,femenino,60+,Región NOA,terc,positiva,1.874
78,femenino,16-29,Región Metropolitana,univ,positiva,0.8317
79,femenino,45-59,Región Pampeana,sec,negativa,1.3701
80,masculino,16-29,Región Metropolitana,prim,positiva,0.6371
81,masculino,30-44,Región Metropolitana,prim,negativa,0.8146
82,masculino,60+,Región Metropolitana,prim,negativa,1.2932
83,masculino,16-29,Región Metropolitana,sec,positiva,0.5586
84,femenino,60+,Región Metropolitana,prim,negativa,1.4535
85,femenino,16-29,Región Metropolitana,sec,positiva,0.6278
86,femenino,60+,Región Metropolitana,sec,positiva,1.2744
87,masculino,16-29,Región Pampeana,prim,positiva,0.8558
88,femenino,16-29,Región Metropolitana,univ,positiva,0.8317
89,masculino,16-29,Región NOA,sec,negativa,0.7804
90,masculino,16-29,Región Metropolitana,terc,negativa,0.5879
91,masculino,60+,Región Metropolitana,prim,negativa,1.2932
92,femenino,30-44,Región Metropolitana,univ,negativa,1.0634
93,masculino,16-29,Región Pampeana,sec,positiva,0.7503
94,masculino,60+,Región NEA,sec,negativa,1.4296
95,masculino,16-29,Región NEA,prim,positiva,0.8033
96,femenino,16-29,Región Metropolitana,univ,positiva,0.8317
97,femenino,30-44,Región Metropolitana,terc,negativa,0.8449
98,femenino,30-44,Región Pampeana,sec,positiva,1.0783
99,femenino,16-29,Región Patagonia,sec,positiva,0.7955
100,femenino,30-44,Región Metropolitana,univ,negativa,1.0634
101,masculino,16-29,Región NOA,terc,negativa,0.8214
102,masculino,45-59,Región Metropolitana,prim,positiva,1.035
103,femenino,30-44,Región NOA,terc,positiva,1.1804
104,femenino,16-29,Región Metropolitana,prim,positiva,0.7161
105,masculino,30-44,Región Metropolitana,sec,negativa,0.7142
106,masculino,45-59,Región Metropolitana,terc,positiva,0.9551
107,femenino,60+,Región NOA,sec,positiva,1.7806
108,femenino,30-44,Región Metropolitana,univ,negativa,1.0634
109,femenino,16-29,Región Metropolitana,prim,negativa,0.7161
110,masculino,16-29,Región Metropolitana,sec,positiva,0.5586
111,femenino,45-59,Región Pampeana,sec,negativa,1.3701
112,masculino,16-29,Región Metropolitana,terc,negativa,0.5879
113,masculino,45-59,Región Metropolitana,sec,negativa,0.9074
114,masculino,30-44,Región Metropolitana,sec,negativa,0.7142
115,masculino,16-29,Región Metropolitana,sec,positiva,0.5586
116,masculino,30-44,Región Metropolitana,univ,positiva,0.9461
117,femenino,60+,Región Metropolitana,univ,negativa,1.6882
118,masculino,16-29,Región Pampeana,prim,negativa,0.8558
119,femenino,30-44,Región Metropolitana,sec,negativa,0.8027
120,masculino,60+,Región NEA,sec,negativa,1.4296
121,femenino,60+,Región Metropolitana,prim,positiva,1.4535
122,femenino,45-59,Región Metropolitana,sec,positiva,1.0199
123,femenino,16-29,Región Metropolitana,sec,negativa,0.6278
124,masculino,30-44,Región NOA,pos,positiva,1.1689
125,masculino,16-29,Región Patagonia,sec,negativa,0.7078
126,masculino,45-59,Región Metropolitana,prim,negativa,1.035
127,masculino,16-29,Región Metropolitana,sec,negativa,0.5586
128,masculino,60+,Región Pampeana,prim,positiva,1.7372
129,femenino,16-29,Región Metropolitana,prim,negativa,0.7161
130,masculino,16-29,Región Pampeana,univ,negativa,0.994
131,femenino,30-44,Región Metropolitana,terc,positiva,0.8449
132,femenino,45-59,Región Metropolitana,univ,positiva,1.3511
133,femenino,60+,Región Pampeana,sec,negativa,1.7119
134,masculino,45-59,Región Metropolitana,sec,positiva,0.9074
135,femenino,30-44,Región Pampeana,sec,positiva,1.0783
136,femenino,60+,Región Metropolitana,sec,negativa,1.2744
137,femenino,16-29,Región Cuyo,sec,positiva,0.7898
138,femenino,45-59,Región Metropolitana,terc,positiva,1.0735
139,femenino,30-44,Región Pampeana,prim,positiva,1.2299
140,femenino,30-44,Región Pampeana,prim,positiva,1.2299
141,femenino,30-44,Región Pampeana,sec,negativa,1.0783
142,masculino,60+,Región Metropolitana,sec,negativa,1.1338
143,femenino,30-44,Región Metropolitana,sec,positiva,0.8027
144,masculino,30-44,Región Metropolitana,sec,negativa,0.7142
145,femenino,45-59,Región Pampeana,prim,positiva,1.5627
146,femenino,60+,Región Pampeana,sec,negativa,1.7119
147,masculino,16-29,Región Pampeana,sec,negativa,0.7503
148,femenino,30-44,Región Metropolitana,prim,positiva,0.9155
149,masculino,60+,Región Metropolitana,prim,negativa,1.2932
150,femenino,16-29,Región NOA,sec,positiva,0.8772
151,femenino,16-29,Región Pampeana,sec,positiva,0.8434
152,femenino,45-59,Región Metropolitana,sec,negativa,1.0199
153,femenino,30-44,Región Metropolitana,sec,positiva,0.8027
154,masculino,16-29,Región Metropolitana,univ,positiva,0.74
155,femenino,16-29,Región Pampeana,prim,positiva,0.9619
156,masculino,16-29,Región Metropolitana,sec,positiva,0.5586
157,masculino,16-29,Región Metropolitana,univ,negativa,0.74
158,femenino,45-59,Región Metropolitana,terc,positiva,1.0735
159,femenino,16-29,Región Metropolitana,sec,positiva,0.6278
160,masculino,16-29,Región Metropolitana,prim,positiva,0.6371
161,masculino,45-59,Región Cuyo,prim,positiva,1.3021
162,masculino,45-59,Región Cuyo,prim,positiva,1.3021
163,femenino,45-59,Región Cuyo,prim,negativa,1.4635
164,femenino,45-59,Región Metropolitana,prim,negativa,1.1633
165,femenino,60+,Región NOA,sec,negativa,1.7806
166,femenino,60+,Región Metropolitana,univ,negativa,1.6882
167,masculino,16-29,Región Pampeana,sec,negativa,0.7503
168,masculino,16-29,Región NOA,sec,positiva,0.7804
169,femenino,30-44,Región Metropolitana,prim,negativa,0.9155
170,femenino,30-44,Región Metropolitana,terc,negativa,0.8449
171,femenino,30-44,Región Pampeana,sec,negativa,1.0783
172,femenino,16-29,Región Metropolitana,sec,negativa,0.6278
173,femenino,45-59,Región Metropolitana,sec,positiva,1.0199
174,femenino,16-29,Región Metropolitana,prim,positiva,0.7161
175,masculino,45-59,Región Metropolitana,sec,positiva,0.9074
176,femenino,30-44,Región Metropolitana,terc,positiva,0.8449
177,masculino,16-29,Región Metropolitana,sec,positiva,0.5586
178,femenino,60+,Región Metropolitana,prim,positiva,1.4535
179,femenino,60+,Región Metropolitana,sec,negativa,1.2744
180,masculino,60+,Región Metropolitana,prim,positiva,1.2932
181,masculino,16-29,Región Metropolitana,sec,negativa,0.5586
182,femenino,16-29,Región NOA,prim,negativa,1.0005
183,femenino,60+,Región Patagonia,terc,negativa,1.6997
184,masculino,16-29,Región Metropolitana,sec,negativa,0.5586
185,masculino,60+,Región Pampeana,sec,negativa,1.5231
186,femenino,16-29,Región NEA,sec,positiva,0.7916
187,femenino,45-59,Región NOA,sec,negativa,1.425
188,masculino,45-59,Región Metropolitana,prim,negativa,1.035
189,masculino,16-29,Región NOA,sec,negativa,0.7804
190,femenino,16-29,Región Metropolitana,sec,positiva,0.6278
191,masculino,16-29,Región Pampeana,univ,negativa,0.994
192,masculino,16-29,Región Metropolitana,univ,positiva,0.74
193,femenino,30-44,Región Pampeana,prim,negativa,1.2299
194,femenino,16-29,Región NEA,sec,positiva,0.7916
195,femenino,30-44,Región Metropolitana,sec,negativa,0.8027
196,femenino,16-29,Región Metropolitana,sec,positiva,0.6278
197,femenino,45-59,Región Metropolitana,sec,positiva,1.0199
198,femenino,16-29,Región Metropolitana,prim,positiva,0.7161
199,femenino,45-59,Región Cuyo,sec,positiva,1.2831
200,masculino,16-29,Región Metropolitana,prim,positiva,0.6371
201,femenino,30-44,Región Metropolitana,sec,negativa,0.8027
202,masculino,30-44,Región Metropolitana,sec,positiva,0.7142
203,femenino,16-29,Región Cuyo,sec,negativa,0.7898
204,femenino,45-59,Región Pampeana,sec,positiva,1.3701
205,femenino,30-44,Región Metropolitana,prim,negativa,0.9155
206,masculino,16-29,Región Metropolitana,sec,negativa,0.5586
207,masculino,16-29,Región NOA,univ,positiva,1.0338
208,femenino,16-29,Región Patagonia,prim,positiva,0.9074
209,masculino,45-59,Región Metropolitana,sec,positiva,0.9074
210,masculino,30-44,Región Metropolitana,prim,negativa,0.8146
211,masculino,60+,Región NEA,prim,negativa,1.6306
212,masculino,16-29,Región Cuyo,sec,positiva,0.7027
213,femenino,30-44,Región Pampeana,sec,positiva,1.0783
214,femenino,16-29,Región NEA,sec,positiva,0.7916
215,masculino,16-29,Región Metropolitana,sec,positiva,0.5586
216,masculino,16-29,Región Metropolitana,sec,positiva,0.5586
217,masculino,16-29,Región Metropolitana,terc,positiva,0.5879
218,masculino,30-44,Región NEA,sec,negativa,0.9005
219,masculino,30-44,Región Metropolitana,sec,negativa,0.7142
220,masculino,16-29,Región Metropolitana,terc,negativa,0.5879
221,masculino,60+,Región Metropolitana,prim,negativa,1.2932
222,femenino,16-29,Región Metropolitana,sec,positiva,0.6278
223,masculino,45-59,Región Metropolitana,prim,positiva,1.035
224,masculino,16-29,Región Metropolitana,sec,positiva,0.5586
225,masculino,16-29,Región Metropolitana,sec,positiva,0.5586
226,femenino,30-44,Región Metropolitana,sec,negativa,0.8027
227,masculino,30-44,Región Metropolitana,prim,positiva,0.8146
228,masculino,60+,Región Cuyo,prim,positiva,1.6269
229,masculino,45-59,Región Pampeana,prim,positiva,1.3903
230,masculino,16-29,Región Cuyo,sec,positiva,0.7027
231,masculino,30-44,Región NEA,sec,negativa,0.9005
232,masculino,16-29,Región Metropolitana,sec,positiva,0.5586
233,femenino,30-44,Región NEA,terc,negativa,1.0653
234,femenino,16-29,Región Cuyo,terc,positiva,0.8313
235,femenino,16-29,Región Metropolitana,sec,positiva,0.6278
236,masculino,45-59,Región Metropolitana,sec,negativa,0.9074
237,masculino,30-44,Región NOA,sec,positiva,0.9978
238,masculino,16-29,Región NEA,terc,negativa,0.7413
239,femenino,16-29,Región NOA,univ,positiva,1.162
240,femenino,60+,Región NOA,sec,positiva,1.7806
241,masculino,45-59,Región Metropolitana,prim,positiva,1.035
242,masculino,60+,Región NOA,prim,negativa,1.8068
243,femenino,45-59,Región Metropolitana,univ,negativa,1.3511
244,masculino,60+,Región Cuyo,univ,negativa,1.8896
245,femenino,16-29,Región NEA,terc,negativa,0.8332
246,femenino,16-29,Región NOA,prim,negativa,1.0005
247,femenino,45-59,Región Metropolitana,terc,positiva,1.0735
248,femenino,30-44,Región Metropolitana,sec,negativa,0.8027
249,masculino,60+,Región Metropolitana,prim,negativa,1.2932
250,masculino,16-29,Región Metropolitana,sec,positiva,0.5586
251,femenino,16-29,Región Metropolitana,prim,positiva,0.7161
252,femenino,30-44,Región Metropolitana,sec,negativa,0.8027
253,masculino,16-29,Región Metropolitana,prim,negativa,0.6371
254,femenino,45-59,Región Metropolitana,sec,negativa,1.0199
255,femenino,16-29,Región Metropolitana,sec,positiva,0.6278
256,masculino,45-59,Región Metropolitana,sec,positiva,0.9074
257,masculino,60+,Región Metropolitana,prim,positiva,1.2932
258,masculino,30-44,Región Metropolitana,prim,negativa,0.8146
259,femenino,30-44,Región Patagonia,univ,negativa,1.3475
260,femenino,30-44,Región Patagonia,sec,negativa,1.0172
261,femenino,30-44,Región Pampeana,univ,negativa,1.4285
262,femenino,16-29,Región NOA,sec,negativa,0.8772
263,masculino,45-59,Región Metropolitana,sec,negativa,0.9074
264,femenino,16-29,Región Metropolitana,terc,positiva,0.6608
265,femenino,60+,Región Metropolitana,terc,negativa,1.3413
266,femenino,16-29,Región NOA,univ,positiva,1.162
267,femenino,30-44,Región NOA,sec,negativa,1.1215
268,masculino,16-29,Región Cuyo,sec,positiva,0.7027
269,femenino,45-59,Región Patagonia,sec,negativa,1.2924
270,femenino,16-29,Región Metropolitana,sec,positiva,0.6278
271,femenino,60+,Región Cuyo,sec,positiva,1.6033
272,masculino,16-29,Región Metropolitana,univ,positiva,0.74
273,masculino,60+,Región Metropolitana,sec,positiva,1.1338
274,masculino,30-44,Región Patagonia,prim,positiva,1.0322
275,femenino,16-29,Región Metropolitana,sec,positiva,0.6278
276,femenino,16-29,Región Pampeana,sec,positiva,0.8434
277,femenino,16-29,Región Pampeana,sec,negativa,0.8434
278,masculino,16-29,Región Metropolitana,prim,negativa,0.6371
279,femenino,30-44,Región Pampeana,sec,negativa,1.0783
280,femenino,16-29,Región Metropolitana,prim,positiva,0.7161
281,femenino,16-29,Región NOA,sec,positiva,0.8772
282,masculino,30-44,Región Cuyo,sec,negativa,0.8985
283,femenino,16-29,Región Metropolitana,prim,positiva,0.7161
284,masculino,30-44,Región NOA,prim,negativa,1.1381
285,masculino,16-29,Región Pampeana,sec,negativa,0.7503
286,femenino,45-59,Región Metropolitana,sec,negativa,1.0199
287,femenino,60+,Región Pampeana,sec,positiva,1.7119
288,masculino,60+,Región Metropolitana,sec,negativa,1.1338
289,masculino,16-29,Región Cuyo,sec,positiva,0.7027
290,femenino,16-29,Región Cuyo,sec,positiva,0.7898
291,masculino,45-59,Región NOA,sec,positiva,1.2678
292,masculino,60+,Región Pampeana,univ,negativa,2.0177
293,masculino,60+,Región Metropolitana,prim,negativa,1.2932
294,masculino,45-59,Región Metropolitana,prim,positiva,1.035
295,masculino,16-29,Región Metropolitana,prim,positiva,0.6371
296,masculino,45-59,Región Metropolitana,terc,positiva,0.9551
297,femenino,45-59,Región Pampeana,sec,negativa,1.3701
298,femenino,16-29,Región Metropolitana,sec,negativa,0.6278
299,femenino,16-29,Región NEA,univ,positiva,1.0487
300,femenino,30-44,Región Metropolitana,terc,negativa,0.8449
301,masculino,30-44,Región Pampeana,terc,positiva,1.0097
302,femenino,16-29,Región Pampeana,sec,positiva,0.8434
303,masculino,30-44,Región Patagonia,prim,negativa,1.0322
304,femenino,30-44,Región Metropolitana,prim,negativa,0.9155
305,femenino,16-29,Región Metropolitana,prim,positiva,0.7161
306,masculino,16-29,Región Metropolitana,prim,positiva,0.6371
307,femenino,16-29,Región Pampeana,sec,positiva,0.8434
308,femenino,16-29,Región Pampeana,sec,positiva,0.8434
309,masculino,45-59,Región Patagonia,prim,positiva,1.3115
310,femenino,16-29,Región Metropolitana,terc,positiva,0.6608
311,femenino,30-44,Región Metropolitana,univ,negativa,1.0634
312,masculino,45-59,Región Metropolitana,sec,negativa,0.9074
313,femenino,16-29,Región Metropolitana,terc,negativa,0.6608
314,femenino,60+,Región Metropolitana,terc,negativa,1.3413
315,femenino,30-44,Región Metropolitana,sec,positiva,0.8027
316,masculino,30-44,Región Metropolitana,terc,negativa,0.7517
317,masculino,30-44,Región NOA,sec,positiva,0.9978
318,masculino,16-29,Región NOA,sec,positiva,0.7804
319,femenino,30-44,Región Pampeana,sec,negativa,1.0783
320,masculino,16-29,Región NEA,terc,positiva,0.7413
321,masculino,16-29,Región Metropolitana,prim,positiva,0.6371
322,masculino,16-29,Región Metropolitana,prim,negativa,0.6371
323,femenino,45-59,Región NOA,univ,negativa,1.8878
324,masculino,60+,Región Metropolitana,sec,negativa,1.1338
325,femenino,16-29,Región Pampeana,sec,positiva,0.8434
326,femenino,45-59,Región Metropolitana,sec,negativa,1.0199
327,masculino,30-44,Región Metropolitana,prim,negativa,0.8146
328,masculino,30-44,Región Patagonia,sec,negativa,0.905
329,masculino,16-29,Región Metropolitana,prim,negativa,0.6371
330,masculino,60+,Región NOA,prim,positiva,1.8068
331,masculino,60+,Región NOA,univ,positiva,2.0986
332,femenino,30-44,Región Pampeana,prim,positiva,1.2299
333,masculino,60+,Región NOA,univ,positiva,2.0986
334,femenino,16-29,Región NOA,prim,positiva,1.0005
335,femenino,45-59,Región Metropolitana,sec,positiva,1.0199
336,femenino,16-29,Región Pampeana,prim,negativa,0.9619
337,masculino,16-29,Región NOA,sec,negativa,0.7804
338,femenino,45-59,Región NEA,sec,positiva,1.286
339,masculino,16-29,Región NOA,sec,positiva,0.7804
340,femenino,30-44,Región Metropolitana,univ,negativa,1.0634
341,masculino,60+,Región Metropolitana,prim,negativa,1.2932
342,masculino,16-29,Región Metropolitana,sec,positiva,0.5586
343,masculino,45-59,Región NEA,prim,negativa,1.305
344,femenino,16-29,Región Metropolitana,sec,negativa,0.6278
345,masculino,16-29,Región Metropolitana,sec,positiva,0.5586
346,masculino,45-59,Región Metropolitana,prim,positiva,1.035
347,femenino,16-29,Región NEA,sec,positiva,0.7916
348,femenino,60+,Región NOA,sec,negativa,1.7806
349,femenino,16-29,Región Patagonia,terc,negativa,0.8373
350,masculino,30-44,Región Metropolitana,prim,positiva,0.8146
351,masculino,30-44,Región NOA,sec,negativa,0.9978
352,masculino,60+,Región Metropolitana,sec,negativa,1.1338
353,femenino,16-29,Región Pampeana,univ,negativa,1.1172
354,masculino,16-29,Región Pampeana,pos,positiva,0.879
355,femenino,30-44,Región NOA,sec,positiva,1.1215
356,femenino,30-44,Región Metropolitana,sec,positiva,0.8027
357,masculino,30-44,Región Metropolitana,sec,positiva,0.7142
358,femenino,30-44,Región Metropolitana,univ,positiva,1.0634
359,masculino,30-44,Región Patagonia,sec,negativa,0.905
360,masculino,45-59,Región Cuyo,terc,negativa,1.2015
361,masculino,30-44,Región Pampeana,sec,negativa,0.9594
362,femenino,60+,Región Metropolitana,univ,negativa,1.6882
363,femenino,16-29,Región Metropolitana,sec,positiva,0.6278
364,masculino,16-29,Región Pampeana,sec,positiva,0.7503
365,femenino,45-59,Región Metropolitana,sec,negativa,1.0199
366,masculino,30-44,Región Metropolitana,univ,negativa,0.9461
367,masculino,16-29,Región Metropolitana,univ,negativa,0.74
368,femenino,45-59,Región Metropolitana,sec,negativa,1.0199
369,masculino,60+,Región Pampeana,terc,negativa,1.6031
370,masculino,16-29,Región Metropolitana,univ,positiva,0.74
371,femenino,45-59,Región Metropolitana,sec,negativa,1.0199
372,femenino,60+,Región NOA,sec,negativa,1.7806
373,femenino,16-29,Región Metropolitana,univ,positiva,0.8317
374,masculino,16-29,Región Pampeana,terc,positiva,0.7897
375,masculino,45-59,Región Cuyo,prim,negativa,1.3021
376,femenino,16-29,Región Metropolitana,sec,negativa,0.6278
377,femenino,16-29,Región Metropolitana,sec,negativa,0.6278
378,femenino,60+,Región Patagonia,terc,negativa,1.6997
379,masculino,16-29,Región Metropolitana,sec,negativa,0.5586
380,femenino,30-44,Región Pampeana,sec,negativa,1.0783
381,masculino,45-59,Región Cuyo,sec,negativa,1.1416
382,femenino,30-44,Región NEA,prim,positiva,1.1544
383,masculino,16-29,Región Pampeana,sec,positiva,0.7503
384,femenino,30-44,Región Metropolitana,sec,positiva,0.8027
385,femenino,45-59,Región Cuyo,terc,negativa,1.3505
386,masculino,16-29,Región NOA,sec,positiva,0.7804
387,femenino,16-29,Región Metropolitana,terc,negativa,0.6608
388,femenino,60+,Región NEA,prim,negativa,1.8327
389,femenino,30-44,Región Pampeana,prim,negativa,1.2299
390,femenino,45-59,Región NOA,prim,negativa,1.6253
391,masculino,30-44,Región NEA,terc,negativa,0.9478
392,femenino,30-44,Región Metropolitana,sec,positiva,0.8027
393,masculino,16-29,Región Metropolitana,univ,positiva,0.74
394,femenino,45-59,Región Metropolitana,sec,negativa,1.0199
395,masculino,16-29,Región Metropolitana,sec,positiva,0.5586
396,femenino,16-29,Región Metropolitana,univ,positiva,0.8317
397,masculino,60+,Región Metropolitana,sec,negativa,1.1338
398,femenino,30-44,Región Pampeana,sec,positiva,1.0783
399,masculino,30-44,Región NOA,sec,negativa,0.9978
400,femenino,16-29,Región Metropolitana,sec,positiva,0.6278
401,femenino,16-29,Región Patagonia,sec,positiva,0.7955
402,masculino,16-29,Región Metropolitana,univ,positiva,0.74
403,masculino,30-44,Región Pampeana,sec,positiva,0.9594
404,masculino,16-29,Región Pampeana,sec,positiva,0.7503
405,femenino,30-44,Región Metropolitana,univ,positiva,1.0634
406,masculino,30-44,Región NOA,sec,negativa,0.9978
407,masculino,30-44,Región Metropolitana,sec,negativa,0.7142
408,femenino,45-59,Región Patagonia,univ,positiva,1.7121
409,masculino,45-59,Región Pampeana,sec,negativa,1.219
410,masculino,16-29,Región Metropolitana,prim,negativa,0.6371
411,masculino,30-44,Región Pampeana,sec,negativa,0.9594
412,femenino,30-44,Región Pampeana,sec,positiva,1.0783
413,femenino,30-44,Región Metropolitana,sec,negativa,0.8027
414,femenino,16-29,Región NOA,sec,negativa,0.8772
415,femenino,30-44,Región NOA,prim,positiva,1.2792
416,masculino,60+,Región Cuyo,sec,negativa,1.4264
417,masculino,30-44,Región Metropolitana,prim,negativa,0.8146
418,masculino,30-44,Región Metropolitana,sec,positiva,0.7142
419,femenino,16-29,Región Pampeana,sec,positiva,0.8434
420,masculino,30-44,Región NOA,sec,negativa,0.9978
421,masculino,16-29,Región Metropolitana,prim,positiva,0.6371
422,femenino,16-29,Región Pampeana,univ,positiva,1.1172
423,masculino,16-29,Región Metropolitana,sec,positiva,0.5586
424,femenino,45-59,Región Pampeana,terc,negativa,1.442
425,masculino,16-29,Región Metropolitana,sec,positiva,0.5586
426,femenino,45-59,Región NEA,terc,negativa,1.3535
427,femenino,16-29,Región Metropolitana,prim,negativa,0.7161
428,masculino,60+,Región Metropolitana,sec,negativa,1.1338
429,masculino,45-59,Región Metropolitana,univ,positiva,1.2021
430,femenino,16-29,Región Metropolitana,sec,positiva,0.6278
431,masculino,30-44,Región Patagonia,univ,negativa,1.1989
432,femenino,16-29,Región Metropolitana,prim,negativa,0.7161
433,femenino,16-29,Región Metropolitana,prim,negativa,0.7161
434,masculino,16-29,Región Metropolitana,terc,positiva,0.5879
435,masculino,45-59,Región Metropolitana,prim,positiva,1.035
436,masculino,30-44,Región Metropolitana,sec,positiva,0.7142
437,femenino,60+,Región Cuyo,prim,positiva,1.8286
438,masculino,45-59,Región Metropolitana,sec,positiva,0.9074
439,masculino,45-59,Región NOA,terc,positiva,1.3344
440,femenino,16-29,Región Metropolitana,sec,positiva,0.6278
441,masculino,30-44,Región Metropolitana,sec,positiva,0.7142
442,masculino,60+,Región NEA,terc,negativa,1.5047
443,femenino,30-44,Región NOA,terc,negativa,1.1804
444,femenino,16-29,Región Metropolitana,sec,positiva,0.6278
445,femenino,16-29,Región Metropolitana,univ,positiva,0.8317
446,femenino,30-44,Región Metropolitana,sec,positiva,0.8027
447,femenino,30-44,Región Pampeana,univ,negativa,1.4285
448,femenino,16-29,Región Metropolitana,terc,negativa,0.6608
449,femenino,60+,Región NEA,univ,negativa,2.1287
450,masculino,30-44,Región Pampeana,terc,positiva,1.0097
451,masculino,30-44,Región Metropolitana,pos,positiva,0.8366
452,femenino,30-44,Región NEA,sec,positiva,1.0121
453,masculino,30-44,Región Metropolitana,prim,positiva,0.8146
454,femenino,30-44,Región Patagonia,terc,negativa,1.0706
455,femenino,45-59,Región Patagonia,terc,positiva,1.3603
456,masculino,30-44,Región Pampeana,sec,positiva,0.9594
457,masculino,30-44,Región NOA,sec,positiva,0.9978
458,masculino,16-29,Región Metropolitana,prim,positiva,0.6371
459,femenino,16-29,Región NOA,sec,positiva,0.8772
460,masculino,60+,Región Patagonia,prim,positiva,1.6387
461,femenino,30-44,Región Metropolitana,sec,positiva,0.8027
462,femenino,60+,Región NOA,prim,negativa,2.0308
463,masculino,30-44,Región Metropolitana,sec,positiva,0.7142
464,masculino,16-29,Región NOA,sec,positiva,0.7804
465,femenino,30-44,Región Patagonia,univ,positiva,1.3475
466,masculino,16-29,Región Pampeana,prim,positiva,0.8558
467,masculino,30-44,Región Pampeana,sec,negativa,0.9594
468,femenino,16-29,Región Pampeana,terc,negativa,0.8876
469,femenino,60+,Región NOA,prim,negativa,2.0308
470,masculino,16-29,Región Metropolitana,univ,negativa,0.74
471,masculino,30-44,Región Metropolitana,univ,negativa,0.9461
472,masculino,16-29,Región NOA,pos,negativa,0.9142
473,masculino,16-29,Región Metropolitana,sec,positiva,0.5586
474,masculino,16-29,Región Metropolitana,prim,negativa,0.6371
475,femenino,30-44,Región Metropolitana,sec,positiva,0.8027
476,femenino,30-44,Región Metropolitana,prim,negativa,0.9155
477,femenino,30-44,Región Cuyo,prim,positiva,1.1518
478,femenino,30-44,Región Pampeana,sec,positiva,1.0783
479,masculino,16-29,Región Metropolitana,pos,negativa,0.6543
480,masculino,16-29,Región Metropolitana,terc,negativa,0.5879
481,femenino,16-29,Región Cuyo,sec,positiva,0.7898
482,masculino,45-59,Región Metropolitana,univ,negativa,1.2021
483,masculino,45-59,Región Pampeana,sec,negativa,1.219
484,masculino,60+,Región Patagonia,sec,positiva,1.4367
485,femenino,16-29,Región Metropolitana,sec,negativa,0.6278
486,femenino,30-44,Región Pampeana,sec,negativa,1.0783
487,masculino,45-59,Región Metropolitana,prim,negativa,1.035
488,masculino,16-29,Región Cuyo,sec,positiva,0.7027
489,femenino,16-29,Región Metropolitana,sec,positiva,0.6278
490,femenino,16-29,Región Metropolitana,terc,positiva,0.6608
491,masculino,16-29,Región Metropolitana,sec,positiva,0.5586
492,femenino,16-29,Región Metropolitana,prim,positiva,0.7161
493,masculino,30-44,Región Pampeana,terc,negativa,1.0097
494,femenino,16-29,Región Metropolitana,terc,positiva,0.6608
495,femenino,45-59,Región NOA,terc,positiva,1.4998
496,masculino,16-29,Región Patagonia,sec,negativa,0.7078
497,masculino,45-59,Región Metropolitana,sec,negativa,0.9074
498,masculino,45-59,Región Cuyo,univ,negativa,1.5123
499,femenino,16-29,Región NEA,sec,positiva,0.7916
500,femenino,16-29,Región Pampeana,univ,negativa,1.1172
501,masculino,45-59,Región Metropolitana,univ,positiva,1.2021
502,masculino,45-59,Región NEA,univ,positiva,1.5157
503,masculino,30-44,Región Cuyo,prim,negativa,1.0248
504,masculino,16-29,Región Pampeana,sec,positiva,0.7503
505,femenino,30-44,Región Metropolitana,sec,positiva,0.8027
506,masculino,30-44,Región NOA,prim,negativa,1.1381
507,masculino,30-44,Región Pampeana,prim,positiva,1.0942
508,masculino,30-44,Región Metropolitana,prim,positiva,0.8146
509,femenino,30-44,Región Pampeana,sec,negativa,1.0783
510,masculino,16-29,Región NOA,sec,negativa,0.7804
511,femenino,16-29,Región Pampeana,prim,positiva,0.9619
512,femenino,16-29,Región NOA,sec,negativa,0.8772
513,femenino,16-29,Región NOA,sec,negativa,0.8772
514,femenino,16-29,Región Pampeana,prim,positiva,0.9619
515,masculino,16-29,Región NEA,sec,negativa,0.7043
516,masculino,30-44,Región Metropolitana,sec,negativa,0.7142
517,masculino,16-29,Región Metropolitana,prim,positiva,0.6371
518,masculino,30-44,Región Metropolitana,prim,positiva,0.8146
519,femenino,60+,Región Metropolitana,prim,negativa,1.4535
520,masculino,16-29,Región Metropolitana,prim,negativa,0.6371
521,masculino,16-29,Región Pampeana,prim,negativa,0.8558
522,masculino,30-44,Región Metropolitana,prim,negativa,0.8146
523,femenino,16-29,Región Cuyo,sec,positiva,0.7898
524,femenino,16-29,Región NEA,prim,positiva,0.9029
525,femenino,30-44,Región Metropolitana,sec,positiva,0.8027
526,femenino,16-29,Región Patagonia,terc,negativa,0.8373
527,masculino,16-29,Región NOA,sec,negativa,0.7804
528,femenino,45-59,Región Metropolitana,terc,positiva,1.0735
529,femenino,30-44,Región Metropolitana,prim,positiva,0.9155
530,femenino,30-44,Región Metropolitana,terc,negativa,0.8449
531,femenino,16-29,Región Metropolitana,prim,negativa,0.7161
532,masculino,16-29,Región Pampeana,univ,positiva,0.994
533,masculino,16-29,Región Metropolitana,sec,negativa,0.5586
534,femenino,30-44,Región Metropolitana,sec,negativa,0.8027
535,masculino,16-29,Región Patagonia,prim,negativa,0.8073
536,femenino,45-59,Región NOA,sec,negativa,1.425
537,femenino,16-29,Región NOA,sec,positiva,0.8772
538,masculino,16-29,Región Metropolitana,sec,positiva,0.5586
539,masculino,16-29,Región Pampeana,prim,negativa,0.8558
540,masculino,16-29,Región Metropolitana,prim,positiva,0.6371
541,femenino,16-29,Región Pampeana,prim,positiva,0.9619
542,masculino,30-44,Región Patagonia,prim,positiva,1.0322
543,masculino,30-44,Región Metropolitana,terc,negativa,0.7517
544,masculino,30-44,Región Metropolitana,univ,negativa,0.9461
545,femenino,30-44,Región NOA,sec,positiva,1.1215
546,femenino,16-29,Región Pampeana,sec,negativa,0.8434
547,femenino,16-29,Región Pampeana,prim,negativa,0.9619
548,masculino,60+,Región Pampeana,sec,positiva,1.5231
549,femenino,16-29,Región Metropolitana,prim,positiva,0.7161
550,femenino,16-29,Región Cuyo,prim,positiva,0.9008
551,femenino,45-59,Región Pampeana,prim,negativa,1.5627
552,masculino,30-44,Región Pampeana,sec,negativa,0.9594
553,femenino,60+,Región Metropolitana,univ,negativa,1.6882
554,masculino,30-44,Región Metropolitana,sec,negativa,0.7142
555,masculino,45-59,Región Patagonia,sec,positiva,1.1499
556,masculino,16-29,Región Metropolitana,sec,positiva,0.5586
557,femenino,16-29,Región Cuyo,univ,negativa,1.0463
558,masculino,30-44,Región NOA,terc,positiva,1.0502
559,femenino,45-59,Región NOA,sec,positiva,1.425
560,femenino,45-59,Región NEA,sec,negativa,1.286
561,masculino,30-44,Región Pampeana,univ,positiva,1.2709
562,masculino,30-44,Región Metropolitana,sec,positiva,0.7142
563,masculino,30-44,Región Cuyo,sec,negativa,0.8985
564,masculino,60+,Región NOA,prim,negativa,1.8068
565,masculino,30-44,Región Pampeana,prim,negativa,1.0942
566,femenino,16-29,Región Metropolitana,sec,negativa,0.6278
567,masculino,16-29,Región Metropolitana,prim,positiva,0.6371
568,femenino,60+,Región NEA,prim,negativa,1.8327
569,masculino,16-29,Región Cuyo,prim,negativa,0.8015
570,femenino,16-29,Región Metropolitana,univ,positiva,0.8317
571,femenino,45-59,Región Pampeana,prim,negativa,1.5627
572,masculino,45-59,Región Pampeana,terc,negativa,1.283
573,masculino,16-29,Región Pampeana,prim,positiva,0.8558
574,femenino,45-59,Región Metropolitana,sec,negativa,1.0199
575,femenino,45-59,Región Cuyo,sec,negativa,1.2831
576,masculino,30-44,Región NOA,pos,negativa,1.1689
577,masculino,30-44,Región Metropolitana,terc,positiva,0.7517
578,masculino,45-59,Región Metropolitana,terc,positiva,0.9551
579,femenino,16-29,Región Pampeana,sec,positiva,0.8434
580,femenino,16-29,Región Pampeana,prim,negativa,0.9619
581,femenino,30-44,Región NOA,univ,negativa,1.4857
582,masculino,30-44,Región Metropolitana,prim,positiva,0.8146
583,femenino,16-29,Región Metropolitana,univ,negativa,0.8317
584,masculino,30-44,Región Pampeana,sec,positiva,0.9594
585,masculino,16-29,Región Pampeana,univ,positiva,0.994
586,masculino,30-44,Región Cuyo,sec,negativa,0.8985
587,femenino,16-29,Región NOA,prim,positiva,1.0005
588,masculino,16-29,Región Metropolitana,sec,positiva,0.5586
589,femenino,30-44,Región NEA,sec,positiva,1.0121
590,masculino,16-29,Región Cuyo,prim,negativa,0.8015
591,femenino,45-59,Región Patagonia,sec,positiva,1.2924
592,masculino,30-44,Región Pampeana,prim,positiva,1.0942
593,femenino,60+,Región Metropolitana,terc,negativa,1.3413
594,masculino,30-44,Región Metropolitana,sec,negativa,0.7142
595,femenino,60+,Región Metropolitana,sec,negativa,1.2744
596,masculino,16-29,Región Metropolitana,sec,positiva,0.5586
597,masculino,30-44,Región Cuyo,pos,negativa,1.0525
598,masculino,45-59,Región Pampeana,terc,negativa,1.283
599,femenino,45-59,Región Metropolitana,sec,positiva,1.0199
600,femenino,16-29,Región Patagonia,univ,negativa,1.0539
601,masculino,30-44,Región Metropolitana,sec,positiva,0.7142
602,masculino,30-44,Región Pampeana,sec,positiva,0.9594
603,masculino,16-29,Región NOA,univ,positiva,1.0338
604,femenino,30-44,Región Pampeana,sec,negativa,1.0783
605,femenino,45-59,Región Pampeana,prim,negativa,1.5627
606,femenino,60+,Región Metropolitana,prim,positiva,1.4535
607,femenino,30-44,Región Metropolitana,sec,positiva,0.8027
608,masculino,30-44,Región Pampeana,pos,negativa,1.1239
609,masculino,30-44,Región NEA,sec,negativa,0.9005
610,masculino,16-29,Región Pampeana,sec,positiva,0.7503
611,femenino,45-59,Región NOA,sec,positiva,1.425
612,femenino,60+,Región Cuyo,prim,negativa,1.8286
613,masculino,30-44,Región NEA,sec,negativa,0.9005
614,femenino,30-44,Región Metropolitana,prim,positiva,0.9155
615,femenino,16-29,Región Pampeana,sec,positiva,0.8434
616,femenino,16-29,Región Metropolitana,prim,negativa,0.7161
617,masculino,45-59,Región NEA,sec,negativa,1.1442
618,masculino,16-29,Región Metropolitana,sec,positiva,0.5586
619,femenino,30-44,Región Metropolitana,sec,negativa,0.8027
620,masculino,30-44,Región NOA,univ,positiva,1.3219
621,femenino,45-59,Región Metropolitana,prim,positiva,1.1633
622,femenino,30-44,Región Metropolitana,prim,positiva,0.9155
623,femenino,30-44,Región Metropolitana,sec,positiva,0.8027
624,masculino,60+,Región Metropolitana,univ,positiva,1.502
625,femenino,16-29,Región Pampeana,sec,negativa,0.8434
626,masculino,30-44,Región Metropolitana,sec,negativa,0.7142
627,femenino,60+,Región Pampeana,sec,positiva,1.7119
628,masculino,16-29,Región Metropolitana,sec,positiva,0.5586
629,femenino,30-44,Región Metropolitana,prim,negativa,0.9155
630,masculino,16-29,Región NOA,sec,positiva,0.7804
631,femenino,16-29,Región Metropolitana,univ,positiva,0.8317
632,femenino,16-29,Región NEA,sec,positiva,0.7916
633,femenino,16-29,Región Metropolitana,prim,positiva,0.7161
634,femenino,16-29,Región Metropolitana,prim,negativa,0.7161
635,femenino,30-44,Región Pampeana,sec,negativa,1.0783
636,masculino,45-59,Región NOA,sec,positiva,1.2678
637,femenino,16-29,Región NEA,sec,positiva,0.7916
638,femenino,16-29,Región Metropolitana,univ,positiva,0.8317
639,femenino,60+,Región Pampeana,terc,negativa,1.8018
640,femenino,30-44,Región NOA,prim,positiva,1.2792
641,masculino,16-29,Región Metropolitana,prim,positiva,0.6371
642,femenino,16-29,Región Pampeana,sec,positiva,0.8434
643,masculino,30-44,Región NEA,sec,positiva,0.9005
644,masculino,30-44,Región Metropolitana,univ,negativa,0.9461
645,masculino,30-44,Región Metropolitana,terc,positiva,0.7517
646,masculino,16-29,Región Pampeana,sec,negativa,0.7503
647,femenino,45-59,Región Cuyo,sec,negativa,1.2831
648,masculino,16-29,Región NEA,prim,positiva,0.8033
649,femenino,45-59,Región Patagonia,prim,negativa,1.4741
650,masculino,30-44,Región Patagonia,sec,positiva,0.905
651,femenino,60+,Región Metropolitana,sec,negativa,1.2744
652,masculino,45-59,Región Metropolitana,sec,negativa,0.9074
653,masculino,30-44,Región Metropolitana,sec,negativa,0.7142
654,femenino,16-29,Región NOA,sec,negativa,0.8772
655,masculino,30-44,Región NEA,sec,negativa,0.9005
656,femenino,16-29,Región Pampeana,sec,positiva,0.8434
657,masculino,30-44,Región Metropolitana,prim,negativa,0.8146
658,masculino,45-59,Región Metropolitana,univ,positiva,1.2021
659,femenino,16-29,Región NEA,sec,negativa,0.7916
660,masculino,16-29,Región Metropolitana,prim,positiva,0.6371
661,masculino,30-44,Región Pampeana,pos,negativa,1.1239
662,femenino,45-59,Región Metropolitana,pos,positiva,1.1948
663,masculino,16-29,Región Pampeana,prim,negativa,0.8558
664,femenino,30-44,Región Metropolitana,sec,positiva,0.8027
665,femenino,30-44,Región NOA,sec,positiva,1.1215
666,masculino,30-44,Región NOA,sec,negativa,0.9978
667,femenino,30-44,Región NOA,sec,negativa,1.1215
668,masculino,30-44,Región NOA,univ,positiva,1.3219
669,femenino,16-29,Región NEA,sec,positiva,0.7916
670,masculino,16-29,Región Metropolitana,sec,positiva,0.5586
671,masculino,30-44,Región Metropolitana,sec,negativa,0.7142
672,masculino,30-44,Región Patagonia,terc,positiva,0.9525
673,masculino,16-29,Región Metropolitana,sec,negativa,0.5586
674,masculino,30-44,Región NEA,sec,positiva,0.9005
675,femenino,16-29,Región Metropolitana,univ,positiva,0.8317
676,femenino,45-59,Región Pampeana,prim,negativa,1.5627
677,femenino,16-29,Región NEA,sec,positiva,0.7916
678,masculino,16-29,Región NEA,sec,positiva,0.7043
679,masculino,60+,Región NEA,prim,negativa,1.6306
680,masculino,45-59,Región NOA,prim,positiva,1.446
681,femenino,60+,Región Metropolitana,sec,positiva,1.2744
682,femenino,45-59,Región NOA,pos,negativa,1.6694
683,femenino,16-29,Región Metropolitana,sec,positiva,0.6278
684,femenino,30-44,Región NOA,univ,negativa,1.4857
685,masculino,45-59,Región Pampeana,sec,positiva,1.219
686,femenino,16-29,Región Metropolitana,sec,positiva,0.6278
687,femenino,45-59,Región NOA,terc,negativa,1.4998
688,femenino,30-44,Región Metropolitana,prim,positiva,0.9155
689,masculino,30-44,Región Pampeana,univ,negativa,1.2709
690,femenino,45-59,Región Metropolitana,sec,negativa,1.0199
691,masculino,45-59,Región Metropolitana,prim,positiva,1.035
692,femenino,45-59,Región NEA,sec,negativa,1.286
693,masculino,60+,Región Patagonia,sec,positiva,1.4367
694,masculino,16-29,Región Patagonia,prim,negativa,0.8073
695,masculino,30-44,Región Metropolitana,sec,positiva,0.7142
696,femenino,16-29,Región NEA,sec,positiva,0.7916
697,femenino,16-29,Región Patagonia,sec,positiva,0.7955
698,femenino,60+,Región Metropolitana,prim,negativa,1.4535
699,masculino,30-44,Región Metropolitana,terc,negativa,0.7517
700,femenino,16-29,Región Metropolitana,sec,negativa,0.6278
701,masculino,30-44,Región Metropolitana,prim,positiva,0.8146
702,femenino,16-29,Región NOA,prim,negativa,1.0005
703,masculino,45-59,Región Metropolitana,terc,positiva,0.9551
704,femenino,60+,Región Metropolitana,prim,negativa,1.4535
705,femenino,30-44,Región Metropolitana,sec,positiva,0.8027
706,masculino,16-29,Región Pampeana,prim,positiva,0.8558
707,masculino,16-29,Región NEA,univ,positiva,0.933
708,masculino,16-29,Región Metropolitana,sec,negativa,0.5586
709,masculino,16-29,Región Metropolitana,prim,positiva,0.6371
710,masculino,16-29,Región Metropolitana,sec,positiva,0.5586
711,masculino,45-59,Región Metropolitana,sec,positiva,0.9074
712,femenino,16-29,Región Pampeana,sec,negativa,0.8434
713,masculino,16-29,Región Metropolitana,sec,negativa,0.5586
714,masculino,30-44,Región Pampeana,terc,positiva,1.0097
715,femenino,30-44,Región Cuyo,sec,positiva,1.0099
716,masculino,30-44,Región Metropolitana,prim,negativa,0.8146
717,femenino,30-44,Región Metropolitana,univ,positiva,1.0634
718,femenino,16-29,Región Metropolitana,univ,positiva,0.8317
719,femenino,16-29,Región Patagonia,terc,positiva,0.8373
720,femenino,30-44,Región Metropolitana,sec,positiva,0.8027
721,masculino,30-44,Región Patagonia,prim,positiva,1.0322
722,femenino,16-29,Región NOA,sec,positiva,0.8772
723,femenino,45-59,Región Metropolitana,prim,negativa,1.1633
724,femenino,45-59,Región Pampeana,prim,negativa,1.5627
725,masculino,16-29,Región Pampeana,univ,positiva,0.994
726,femenino,45-59,Región Cuyo,sec,negativa,1.2831
727,femenino,16-29,Región Pampeana,sec,positiva,0.8434
728,masculino,60+,Región Pampeana,univ,negativa,2.0177
729,masculino,30-44,Región Metropolitana,terc,negativa,0.7517
730,masculino,30-44,Región Pampeana,sec,negativa,0.9594
731,masculino,45-59,Región Metropolitana,prim,positiva,1.035
732,femenino,45-59,Región Pampeana,sec,negativa,1.3701
733,femenino,16-29,Región Pampeana,sec,positiva,0.8434
734,femenino,16-29,Región Metropolitana,prim,negativa,0.7161
735,femenino,16-29,Región Metropolitana,prim,positiva,0.7161
736,femenino,45-59,Región NOA,sec,negativa,1.425
737,femenino,30-44,Región Cuyo,pos,positiva,1.183
738,femenino,30-44,Región Metropolitana,prim,negativa,0.9155
739,femenino,16-29,Región Pampeana,sec,positiva,0.8434
740,femenino,30-44,Región Pampeana,terc,negativa,1.1349
741,femenino,60+,Región NOA,sec,negativa,1.7806
742,femenino,30-44,Región Metropolitana,sec,positiva,0.8027
743,masculino,30-44,Región Metropolitana,prim,positiva,0.8146
744,femenino,60+,Región Metropolitana,prim,positiva,1.4535
745,masculino,30-44,Región NEA,prim,positiva,1.0271
746,femenino,16-29,Región Metropolitana,sec,positiva,0.6278
747,masculino,16-29,Región Patagonia,prim,negativa,0.8073
748,femenino,60+,Región Pampeana,sec,positiva,1.7119
749,femenino,60+,Región Pampeana,univ,positiva,2.2678
750,femenino,45-59,Región Cuyo,sec,negativa,1.2831
751,masculino,60+,Región NEA,terc,negativa,1.5047
752,femenino,16-29,Región Metropolitana,prim,negativa,0.7161
753,femenino,30-44,Región Pampeana,sec,negativa,1.0783
754,masculino,16-29,Región Metropolitana,univ,positiva,0.74
755,femenino,16-29,Región Metropolitana,prim,positiva,0.7161
756,femenino,30-44,Región Metropolitana,prim,positiva,0.9155
757,masculino,45-59,Región Metropolitana,prim,positiva,1.035
758,femenino,60+,Región Pampeana,prim,positiva,1.9525
759,femenino,45-59,Región Patagonia,prim,positiva,1.4741
760,femenino,16-29,Región Metropolitana,sec,positiva,0.6278
761,masculino,30-44,Región Metropolitana,sec,negativa,0.7142
762,masculino,16-29,Región Pampeana,sec,negativa,0.7503
763,masculino,30-44,Región Patagonia,prim,negativa,1.0322
764,femenino,30-44,Región Metropolitana,sec,negativa,0.8027
765,femenino,30-44,Región Pampeana,terc,positiva,1.1349
766,femenino,30-44,Región Pampeana,prim,negativa,1.2299
767,masculino,16-29,Región Metropolitana,sec,positiva,0.5586
768,femenino,60+,Región Cuyo,terc,positiva,1.6874
769,femenino,16-29,Región Pampeana,sec,positiva,0.8434
770,masculino,16-29,Región Pampeana,prim,positiva,0.8558
771,masculino,16-29,Región Metropolitana,pos,negativa,0.6543
772,femenino,16-29,Región NEA,univ,negativa,1.0487
773,masculino,16-29,Región NOA,sec,positiva,0.7804
774,femenino,30-44,Región NOA,sec,negativa,1.1215
775,masculino,30-44,Región NEA,terc,negativa,0.9478
776,femenino,60+,Región Metropolitana,sec,negativa,1.2744
777,femenino,16-29,Región Metropolitana,sec,positiva,0.6278
778,femenino,16-29,Región Pampeana,sec,negativa,0.8434
779,femenino,30-44,Región Metropolitana,terc,negativa,0.8449
780,masculino,45-59,Región Pampeana,prim,positiva,1.3903
781,masculino,45-59,Región Metropolitana,terc,negativa,0.9551
782,masculino,16-29,Región NOA,sec,negativa,0.7804
783,femenino,30-44,Región Pampeana,univ,positiva,1.4285
784,masculino,16-29,Región NOA,terc,negativa,0.8214
785,femenino,30-44,Región Metropolitana,sec,negativa,0.8027
786,femenino,60+,Región Metropolitana,sec,positiva,1.2744
787,femenino,45-59,Región Pampeana,sec,negativa,1.3701
788,masculino,16-29,Región Metropolitana,prim,positiva,0.6371
789,masculino,45-59,Región Metropolitana,prim,positiva,1.035
790,masculino,30-44,Región Patagonia,sec,negativa,0.905
791,femenino,30-44,Región Metropolitana,sec,negativa,0.8027
792,femenino,16-29,Región Pampeana,prim,negativa,0.9619
793,femenino,60+,Región Patagonia,sec,positiva,1.6149
794,femenino,30-44,Región Cuyo,sec,positiva,1.0099
795,femenino,45-59,Región Metropolitana,sec,positiva,1.0199
796,femenino,45-59,Región Metropolitana,sec,positiva,1.0199
797,masculino,16-29,Región Metropolitana,sec,positiva,0.5586
798,femenino,60+,Región Metropolitana,sec,positiva,1.2744
799,masculino,30-44,Región Metropolitana,terc,negativa,0.7517
800,femenino,30-44,Región Metropolitana,prim,negativa,0.9155
801,masculino,45-59,Región Pampeana,prim,negativa,1.3903
802,masculino,16-29,Región NEA,sec,negativa,0.7043
803,femenino,30-44,Región Pampeana,sec,positiva,1.0783
804,masculino,16-29,Región Metropolitana,terc,positiva,0.5879
805,masculino,45-59,Región Pampeana,sec,positiva,1.219
806,masculino,45-59,Región Pampeana,univ,positiva,1.6148
807,femenino,16-29,Región Metropolitana,terc,positiva,0.6608
808,femenino,30-44,Región Metropolitana,prim,positiva,0.9155
809,masculino,45-59,Región Metropolitana,sec,positiva,0.9074
810,masculino,30-44,Región NOA,sec,negativa,0.9978
811,femenino,30-44,Región Cuyo,univ,negativa,1.3378
812,masculino,60+,Región Patagonia,sec,negativa,1.4367
813,masculino,16-29,Región Metropolitana,sec,negativa,0.5586
814,masculino,30-44,Región Metropolitana,terc,positiva,0.7517
815,masculino,16-29,Región NEA,sec,negativa,0.7043
816,femenino,16-29,Región NOA,univ,positiva,1.162
817,femenino,60+,Región NOA,univ,positiva,2.3588
818,masculino,16-29,Región Metropolitana,prim,positiva,0.6371
819,masculino,30-44,Región Pampeana,sec,positiva,0.9594
820,femenino,30-44,Región Pampeana,terc,positiva,1.1349
821,masculino,16-29,Región Metropolitana,prim,negativa,0.6371
822,masculino,30-44,Región NOA,sec,negativa,0.9978
823,masculino,16-29,Región Pampeana,pos,positiva,0.879
824,masculino,45-59,Región Metropolitana,prim,positiva,1.035
825,femenino,30-44,Región Pampeana,sec,positiva,1.0783
826,masculino,16-29,Región Metropolitana,terc,positiva,0.5879
827,masculino,45-59,Región Pampeana,sec,negativa,1.219
828,femenino,16-29,Región Metropolitana,sec,negativa,0.6278
829,masculino,45-59,Región Metropolitana,sec,negativa,0.9074
830,masculino,30-44,Región NOA,sec,negativa,0.9978
831,femenino,30-44,Región Pampeana,terc,negativa,1.1349
832,masculino,30-44,Región Pampeana,univ,negativa,1.2709
833,femenino,16-29,Región Metropolitana,sec,positiva,0.6278
834,masculino,16-29,Región Pampeana,pos,negativa,0.879
835,femenino,16-29,Región Metropolitana,univ,positiva,0.8317
836,femenino,45-59,Región Metropolitana,sec,negativa,1.0199
837,femenino,16-29,Región NOA,sec,negativa,0.8772
838,masculino,60+,Región Metropolitana,prim,negativa,1.2932
839,femenino,60+,Región Pampeana,sec,negativa,1.7119
840,femenino,16-29,Región Metropolitana,prim,negativa,0.7161
841,masculino,16-29,Región Metropolitana,terc,negativa,0.5879
842,femenino,30-44,Región Pampeana,sec,negativa,1.0783
843,masculino,16-29,Región Pampeana,prim,negativa,0.8558
844,masculino,16-29,Región Metropolitana,univ,positiva,0.74
845,femenino,30-44,Región Metropolitana,sec,negativa,0.8027
846,masculino,60+,Región NOA,sec,positiva,1.5842
847,femenino,45-59,Región Metropolitana,sec,negativa,1.0199
848,femenino,30-44,Región Cuyo,terc,negativa,1.0629
849,femenino,45-59,Región NOA,univ,negativa,1.8878
850,femenino,60+,Región Metropolitana,prim,negativa,1.4535
851,femenino,30-44,Región Metropolitana,prim,positiva,0.9155
852,femenino,16-29,Región NOA,terc,negativa,0.9232
853,masculino,16-29,Región Patagonia,prim,negativa,0.8073
854,masculino,30-44,Región NOA,sec,positiva,0.9978
855,masculino,30-44,Región NOA,prim,negativa,1.1381
856,femenino,16-29,Región Metropolitana,prim,positiva,0.7161
857,masculino,45-59,Región NEA,terc,positiva,1.2042
858,femenino,30-44,Región Pampeana,sec,positiva,1.0783
859,masculino,16-29,Región NEA,prim,positiva,0.8033
860,femenino,30-44,Región Metropolitana,sec,negativa,0.8027
861,masculino,16-29,Región NOA,terc,negativa,0.8214
862,masculino,16-29,Región Pampeana,univ,negativa,0.994
863,masculino,60+,Región Metropolitana,sec,negativa,1.1338
864,femenino,30-44,Región Cuyo,sec,positiva,1.0099
865,masculino,30-44,Región Metropolitana,sec,positiva,0.7142
866,femenino,45-59,Región Metropolitana,sec,negativa,1.0199
867,femenino,16-29,Región Pampeana,sec,negativa,0.8434
868,femenino,16-29,Región Metropolitana,sec,positiva,0.6278
869,masculino,60+,Región Pampeana,prim,negativa,1.7372
870,masculino,16-29,Región Metropolitana,sec,positiva,0.5586
871,masculino,60+,Región Metropolitana,sec,positiva,1.1338
872,masculino,45-59,Región Cuyo,prim,negativa,1.3021
873,masculino,30-44,Región Metropolitana,prim,positiva,0.8146
874,masculino,45-59,Región Cuyo,sec,negativa,1.1416
875,femenino,60+,Región Patagonia,sec,positiva,1.6149
876,masculino,16-29,Región Metropolitana,sec,positiva,0.5586
877,masculino,45-59,Región Metropolitana,sec,positiva,0.9074
878,femenino,30-44,Región Metropolitana,sec,negativa,0.8027
879,masculino,16-29,Región Cuyo,sec,negativa,0.7027
880,masculino,30-44,Región Pampeana,sec,negativa,0.9594
881,femenino,16-29,Región Metropolitana,sec,positiva,0.6278
882,femenino,16-29,Región NOA,prim,negativa,1.0005
883,femenino,60+,Región Metropolitana,prim,negativa,1.4535
884,masculino,30-44,Región NEA,prim,negativa,1.0271
885,femenino,60+,Región Pampeana,terc,positiva,1.8018
886,femenino,45-59,Región Metropolitana,sec,negativa,1.0199
887,masculino,30-44,Región Patagonia,univ,positiva,1.1989
888,masculino,30-44,Región Metropolitana,sec,positiva,0.7142
889,femenino,16-29,Región Pampeana,univ,positiva,1.1172
890,femenino,60+,Región Metropolitana,prim,negativa,1.4535
891,femenino,45-59,Región Metropolitana,prim,negativa,1.1633
892,femenino,30-44,Región Metropolitana,sec,negativa,0.8027
893,masculino,30-44,Región NOA,prim,negativa,1.1381
894,femenino,30-44,Región Metropolitana,univ,positiva,1.0634
895,femenino,45-59,Región Pampeana,sec,negativa,1.3701
896,femenino,30-44,Región Pampeana,prim,positiva,1.2299
897,masculino,60+,Región NOA,sec,negativa,1.5842
898,femenino,16-29,Región Patagonia,sec,positiva,0.7955
899,femenino,45-59,Región Patagonia,sec,positiva,1.2924
900,masculino,60+,Región Pampeana,terc,negativa,1.6031
901,masculino,16-29,Región Pampeana,prim,positiva,0.8558
902,masculino,45-59,Región NEA,terc,negativa,1.2042
903,femenino,60+,Región Cuyo,univ,negativa,2.1239
904,masculino,30-44,Región Metropolitana,sec,negativa,0.7142
905,femenino,16-29,Región Metropolitana,terc,positiva,0.6608
906,masculino,60+,Región Metropolitana,sec,negativa,1.1338
907,femenino,30-44,Región Pampeana,sec,positiva,1.0783
908,masculino,30-44,Región Metropolitana,sec,negativa,0.7142
909,femenino,16-29,Región Pampeana,sec,positiva,0.8434
910,masculino,30-44,Región Metropolitana,prim,positiva,0.8146
911,femenino,45-59,Región Metropolitana,terc,negativa,1.0735
912,masculino,60+,Región Metropolitana,sec,positiva,1.1338
913,masculino,16-29,Región Metropolitana,sec,negativa,0.5586
914,femenino,45-59,Región NEA,terc,negativa,1.3535
915,masculino,30-44,Región Metropolitana,sec,positiva,0.7142
916,femenino,30-44,Región Metropolitana,sec,negativa,0.8027
917,masculino,45-59,Región Metropolitana,sec,negativa,0.9074
918,masculino,45-59,Región Metropolitana,prim,negativa,1.035
919,femenino,30-44,Región Pampeana,prim,negativa,1.2299
920,femenino,16-29,Región Metropolitana,sec,positiva,0.6278
921,masculino,60+,Región Cuyo,prim,negativa,1.6269
922,masculino,60+,Región NOA,sec,positiva,1.5842
923,masculino,16-29,Región Metropolitana,prim,negativa,0.6371
924,masculino,30-44,Región Metropolitana,sec,positiva,0.7142
925,masculino,60+,Región Metropolitana,sec,negativa,1.1338
926,masculino,16-29,Región Metropolitana,sec,negativa,0.5586
927,masculino,16-29,Región NEA,sec,positiva,0.7043
928,masculino,30-44,Región Cuyo,sec,positiva,0.8985
929,masculino,16-29,Región Metropolitana,prim,positiva,0.6371
930,femenino,30-44,Región Metropolitana,prim,positiva,0.9155
931,masculino,30-44,Región Metropolitana,prim,negativa,0.8146
932,femenino,16-29,Región Patagonia,sec,positiva,0.7955
933,femenino,30-44,Región Metropolitana,univ,negativa,1.0634
934,femenino,16-29,Región Metropolitana,prim,positiva,0.7161
935,femenino,60+,Región NEA,sec,negativa,1.6069
936,masculino,16-29,Región Metropolitana,terc,positiva,0.5879
937,femenino,16-29,Región Metropolitana,univ,negativa,0.8317
938,femenino,60+,Región Metropolitana,sec,positiva,1.2744
939,masculino,60+,Región Metropolitana,prim,negativa,1.2932
940,masculino,16-29,Región Metropolitana,terc,negativa,0.5879
941,masculino,60+,Región Metropolitana,sec,negativa,1.1338
942,masculino,16-29,Región Pampeana,terc,positiva,0.7897
943,femenino,60+,Región NEA,univ,positiva,2.1287
944,masculino,16-29,Región NOA,terc,positiva,0.8214
945,femenino,16-29,Región NOA,sec,negativa,0.8772
946,masculino,16-29,Región Metropolitana,sec,negativa,0.5586
947,femenino,16-29,Región Metropolitana,prim,positiva,0.7161
948,masculino,30-44,Región Metropolitana,sec,negativa,0.7142
949,femenino,16-29,Región Metropolitana,sec,negativa,0.6278
950,femenino,60+,Región NOA,sec,negativa,1.7806
951,femenino,16-29,Región Metropolitana,prim,negativa,0.7161
952,femenino,60+,Región Pampeana,sec,negativa,1.7119
953,femenino,60+,Región Metropolitana,sec,negativa,1.2744
954,masculino,16-29,Región Pampeana,sec,negativa,0.7503
955,masculino,30-44,Región Pampeana,terc,negativa,1.0097
956,masculino,30-44,Región Pampeana,terc,negativa,1.0097
957,femenino,30-44,Región Pampeana,univ,positiva,1.4285
958,masculino,30-44,Región Pampeana,terc,positiva,1.0097
959,femenino,30-44,Región Pampeana,univ,positiva,1.4285
960,masculino,30-44,Región NOA,sec,negativa,0.9978
961,masculino,16-29,Región NOA,sec,negativa,0.7804
962,femenino,16-29,Región Pampeana,prim,negativa,0.9619
963,femenino,30-44,Región Metropolitana,prim,negativa,0.9155
964,femenino,30-44,Región Patagonia,prim,positiva,1.1601
965,masculino,30-44,Región Metropolitana,sec,negativa,0.7142
966,masculino,45-59,Región NOA,prim,negativa,1.446
967,femenino,16-29,Región Metropolitana,pos,positiva,0.7355
968,masculino,60+,Región Metropolitana,prim,negativa,1.2932
969,femenino,45-59,Región Metropolitana,prim,positiva,1.1633
970,femenino,16-29,Región Pampeana,terc,positiva,0.8876
971,masculino,16-29,Región Metropolitana,sec,negativa,0.5586
972,masculino,16-29,Región NOA,sec,positiva,0.7804
973,masculino,16-29,Región NEA,univ,positiva,0.933
974,femenino,45-59,Región Metropolitana,prim,negativa,1.1633
975,femenino,45-59,Región Cuyo,sec,negativa,1.2831
976,femenino,16-29,Región Metropolitana,sec,positiva,0.6278
977,masculino,60+,Región Pampeana,prim,negativa,1.7372
978,masculino,60+,Región NOA,sec,negativa,1.5842
979,femenino,30-44,Región Metropolitana,univ,positiva,1.0634
980,femenino,30-44,Región NEA,terc,negativa,1.0653
981,femenino,60+,Región Pampeana,sec,negativa,1.7119
982,femenino,30-44,Región NEA,prim,negativa,1.1544
983,femenino,30-44,Región Metropolitana,sec,positiva,0.8027
984,masculino,45-59,Región Metropolitana,sec,positiva,0.9074
985,masculino,16-29,Región Cuyo,univ,positiva,0.9309
986,femenino,16-29,Región Pampeana,sec,negativa,0.8434
987,masculino,16-29,Región Metropolitana,terc,negativa,0.5879
988,masculino,30-44,Región Metropolitana,prim,positiva,0.8146
989,masculino,16-29,Región Metropolitana,univ,negativa,0.74
990,femenino,60+,Región Pampeana,sec,negativa,1.7119
991,masculino,16-29,Región Patagonia,sec,positiva,0.7078
992,femenino,16-29,Región Cuyo,terc,negativa,0.8313
993,masculino,16-29,Región Pampeana,terc,positiva,0.7897
994,masculino,60+,Región Cuyo,sec,negativa,1.4264
995,masculino,45-59,Región Metropolitana,prim,positiva,1.035
996,femenino,30-44,Región Metropolitana,sec,negativa,0.8027
997,masculino,60+,Región Pampeana,sec,negativa,1.5231
998,femenino,16-29,Región Metropolitana,sec,negativa,0.6278
999,masculino,60+,Región Metropolitana,prim,positiva,1.2932
1000,masculino,30-44,Región NEA,sec,positiva,0.9005
1001,femenino,16-29,Región NOA,prim,positiva,1.0005
1002,femenino,45-59,Región Metropolitana,sec,negativa,1.0199
1003,femenino,45-59,Región Metropolitana,terc,positiva,1.0735
1004,femenino,30-44,Región NOA,sec,positiva,1.1215
1005,femenino,30-44,Región Metropolitana,pos,negativa,0.9404
1006,masculino,60+,Región Metropolitana,prim,negativa,1.2932
1007,femenino,16-29,Región Patagonia,prim,positiva,0.9074
1008,femenino,16-29,Región Metropolitana,sec,negativa,0.6278
1009,femenino,30-44,Región NEA,sec,negativa,1.0121
1010,femenino,16-29,Región NEA,sec,positiva,0.7916
1011,masculino,60+,Región Metropolitana,sec,negativa,1.1338
1012,femenino,16-29,Región NEA,sec,negativa,0.7916
1013,masculino,60+,Región Metropolitana,sec,positiva,1.1338
1014,masculino,30-44,Región Pampeana,terc,positiva,1.0097
1015,femenino,16-29,Región NEA,sec,positiva,0.7916
1016,masculino,16-29,Región NEA,sec,positiva,0.7043
1017,masculino,60+,Región Pampeana,sec,negativa,1.5231
1018,femenino,16-29,Región Metropolitana,prim,positiva,0.7161
1019,femenino,16-29,Región NOA,sec,negativa,0.8772
1020,masculino,60+,Región Metropolitana,sec,negativa,1.1338
1021,masculino,45-59,Región Metropolitana,terc,negativa,0.9551
1022,masculino,16-29,Región NOA,terc,positiva,0.8214
1023,femenino,30-44,Región NOA,sec,positiva,1.1215
1024,masculino,30-44,Región Metropolitana,terc,negativa,0.7517
1025,masculino,30-44,Región Cuyo,terc,negativa,0.9456
1026,femenino,16-29,Región Metropolitana,sec,negativa,0.6278
1027,femenino,60+,Región Metropolitana,terc,negativa,1.3413
1028,femenino,16-29,Región Pampeana,univ,negativa,1.1172
1029,masculino,16-29,Región Metropolitana,prim,positiva,0.6371
1030,femenino,45-59,Región Pampeana,prim,positiva,1.5627
1031,masculino,30-44,Región Metropolitana,prim,positiva,0.8146
1032,masculino,45-59,Región Metropolitana,prim,negativa,1.035
1033,masculino,16-29,Región Metropolitana,terc,positiva,0.5879
1034,masculino,16-29,Región Metropolitana,sec,negativa,0.5586
1035,masculino,60+,Región Cuyo,sec,positiva,1.4264
1036,masculino,16-29,Región Pampeana,sec,positiva,0.7503
1037,masculino,45-59,Región Metropolitana,sec,negativa,0.9074
1038,femenino,45-59,Región Metropolitana,sec,positiva,1.0199
1039,femenino,16-29,Región Metropolitana,prim,positiva,0.7161
1040,masculino,16-29,Región NEA,prim,positiva,0.8033
1041,masculino,30-44,Región Cuyo,sec,positiva,0.8985
1042,femenino,16-29,Región Pampeana,sec,positiva,0.8434
1043,masculino,60+,Región Metropolitana,univ,positiva,1.502
1044,masculino,16-29,Región Metropolitana,sec,positiva,0.5586
1045,femenino,30-44,Región Metropolitana,sec,negativa,0.8027
1046,masculino,16-29,Región Pampeana,terc,positiva,0.7897
1047,femenino,45-59,Región NOA,pos,negativa,1.6694
1048,masculino,16-29,Región Metropolitana,terc,negativa,0.5879
1049,femenino,16-29,Región Metropolitana,terc,positiva,0.6608
1050,masculino,16-29,Región NEA,sec,positiva,0.7043
1051,masculino,45-59,Región Metropolitana,prim,negativa,1.035
1052,masculino,16-29,Región Metropolitana,sec,negativa,0.5586
1053,femenino,30-44,Región Metropolitana,sec,negativa,0.8027
1054,masculino,16-29,Región Cuyo,terc,positiva,0.7396
1055,femenino,16-29,Región Metropolitana,univ,positiva,0.8317
1056,femenino,30-44,Región Metropolitana,sec,positiva,0.8027
1057,masculino,45-59,Región Metropolitana,prim,positiva,1.035
1058,masculino,16-29,Región Cuyo,sec,negativa,0.7027
1059,masculino,30-44,Región Pampeana,sec,negativa,0.9594
1060,femenino,60+,Región Metropolitana,sec,positiva,1.2744
1061,masculino,60+,Región Pampeana,sec,positiva,1.5231
1062,masculino,60+,Región Pampeana,terc,negativa,1.6031
1063,masculino,16-29,Región Metropolitana,prim,negativa,0.6371
1064,femenino,30-44,Región Pampeana,sec,positiva,1.0783
1065,femenino,45-59,Región Patagonia,prim,positiva,1.4741
1066,masculino,45-59,Región Pampeana,terc,negativa,1.283
1067,masculino,30-44,Región Cuyo,univ,positiva,1.1902
1068,masculino,16-29,Región Cuyo,sec,positiva,0.7027
1069,masculino,16-29,Región Cuyo,sec,positiva,0.7027
1070,masculino,16-29,Región Cuyo,prim,positiva,0.8015
1071,masculino,60+,Región Pampeana,sec,negativa,1.5231
1072,femenino,60+,Región NOA,prim,positiva,2.0308
1073,masculino,30-44,Región NEA,prim,negativa,1.0271
1074,masculino,16-29,Región Pampeana,sec,negativa,0.7503
1075,femenino,45-59,Región Metropolitana,sec,negativa,1.0199
1076,femenino,30-44,Región Cuyo,sec,negativa,1.0099
1077,femenino,30-44,Región Cuyo,prim,positiva,1.1518
1078,femenino,16-29,Región Metropolitana,sec,positiva,0.6278
1079,masculino,16-29,Región NOA,prim,negativa,0.8901
1080,femenino,16-29,Región Metropolitana,univ,positiva,0.8317
1081,femenino,16-29,Región NEA,prim,positiva,0.9029
1082,masculino,30-44,Región Cuyo,terc,positiva,0.9456
1083,masculino,45-59,Región Pampeana,prim,negativa,1.3903
1084,masculino,30-44,Región NEA,prim,negativa,1.0271
1085,masculino,45-59,Región Metropolitana,prim,negativa,1.035
1086,masculino,16-29,Región Metropolitana,prim,negativa,0.6371
1087,femenino,16-29,Región Metropolitana,sec,positiva,0.6278
1088,masculino,16-29,Región NOA,prim,negativa,0.8901
1089,masculino,60+,Región Patagonia,sec,negativa,1.4367
1090,femenino,45-59,Región Metropolitana,sec,negativa,1.0199
1091,masculino,30-44,Región Metropolitana,sec,positiva,0.7142
1092,masculino,16-29,Región Metropolitana,prim,negativa,0.6371
1093,masculino,30-44,Región Metropolitana,sec,positiva,0.7142
1094,masculino,45-59,Región Pampeana,sec,positiva,1.219
1095,masculino,16-29,Región NOA,pos,negativa,0.9142
1096,femenino,60+,Región Patagonia,prim,negativa,1.8418
1097,femenino,16-29,Región Pampeana,prim,negativa,0.9619
1098,masculino,45-59,Región Pampeana,sec,negativa,1.219
1099,masculino,45-59,Región Metropolitana,univ,negativa,1.2021
1100,masculino,45-59,Región NOA,prim,negativa,1.446
1101,masculino,16-29,Región Metropolitana,prim,negativa,0.6371
1102,masculino,16-29,Región NEA,prim,positiva,0.8033
1103,masculino,30-44,Región Cuyo,sec,negativa,0.8985
1104,femenino,45-59,Región Metropolitana,prim,positiva,1.1633
1105,femenino,16-29,Región NEA,prim,negativa,0.9029
1106,masculino,30-44,Región Metropolitana,prim,negativa,0.8146
1107,masculino,16-29,Región Pampeana,prim,positiva,0.8558
1108,femenino,45-59,Región Metropolitana,sec,positiva,1.0199
1109,femenino,30-44,Región Metropolitana,sec,positiva,0.8027
1110,femenino,45-59,Región Pampeana,sec,negativa,1.3701
1111,masculino,16-29,Región Pampeana,prim,negativa,0.8558
1112,masculino,30-44,Región Pampeana,sec,negativa,0.9594
1113,femenino,45-59,Región NEA,prim,positiva,1.4668
1114,masculino,16-29,Región Pampeana,prim,positiva,0.8558
1115,masculino,16-29,Región NOA,sec,positiva,0.7804
1116,femenino,16-29,Región Metropolitana,prim,positiva,0.7161
1117,masculino,16-29,Región NOA,prim,negativa,0.8901
1118,femenino,16-29,Región Metropolitana,prim,positiva,0.7161
1119,femenino,30-44,Región Metropolitana,terc,negativa,0.8449
1120,masculino,30-44,Región NEA,univ,negativa,1.1929
1121,femenino,30-44,Región Metropolitana,pos,positiva,0.9404
1122,femenino,60+,Región Metropolitana,sec,positiva,1.2744
1123,femenino,30-44,Región Pampeana,univ,positiva,1.4285
1124,femenino,30-44,Región Pampeana,prim,negativa,1.2299
1125,femenino,30-44,Región Pampeana,prim,positiva,1.2299
1126,masculino,16-29,Región Cuyo,prim,positiva,0.8015
1127,femenino,45-59,Región Pampeana,sec,positiva,1.3701
1128,masculino,16-29,Región Metropolitana,sec,negativa,0.5586
1129,masculino,16-29,Región NOA,sec,positiva,0.7804
1130,femenino,16-29,Región Pampeana,sec,positiva,0.8434
1131,femenino,16-29,Región Metropolitana,prim,negativa,0.7161
1132,masculino,16-29,Región Pampeana,prim,positiva,0.8558
1133,femenino,30-44,Región Metropolitana,prim,negativa,0.9155
1134,femenino,16-29,Región Metropolitana,sec,positiva,0.6278
1135,femenino,16-29,Región NOA,sec,negativa,0.8772
1136,femenino,30-44,Región Metropolitana,prim,positiva,0.9155
1137,femenino,16-29,Región NOA,pos,negativa,1.0276
1138,femenino,30-44,Región Metropolitana,sec,positiva,0.8027
1139,masculino,30-44,Región Pampeana,sec,positiva,0.9594
1140,femenino,16-29,Región NEA,prim,positiva,0.9029
1141,femenino,30-44,Región NOA,sec,positiva,1.1215
1142,masculino,30-44,Región NOA,sec,positiva,0.9978
1143,femenino,16-29,Región Metropolitana,sec,negativa,0.6278
1144,femenino,45-59,Región Metropolitana,prim,positiva,1.1633
1145,masculino,60+,Región Metropolitana,sec,positiva,1.1338
1146,masculino,16-29,Región Pampeana,sec,positiva,0.7503
1147,masculino,16-29,Región Metropolitana,sec,positiva,0.5586
1148,femenino,30-44,Región NOA,univ,negativa,1.4857
1149,masculino,45-59,Región Metropolitana,sec,negativa,0.9074
1150,masculino,45-59,Región Pampeana,sec,positiva,1.219
1151,femenino,45-59,Región Metropolitana,sec,positiva,1.0199
1152,masculino,16-29,Región NEA,univ,positiva,0.933
1153,femenino,30-44,Región Pampeana,prim,negativa,1.2299
1154,masculino,45-59,Región Metropolitana,sec,positiva,0.9074
1155,femenino,45-59,Región NOA,prim,negativa,1.6253
1156,masculino,60+,Región Metropolitana,pos,positiva,1.3282
1157,masculino,60+,Región Metropolitana,sec,negativa,1.1338
1158,femenino,60+,Región Metropolitana,sec,positiva,1.2744
1159,femenino,30-44,Región Metropolitana,sec,positiva,0.8027
1160,masculino,45-59,Región Metropolitana,pos,positiva,1.063
1161,masculino,30-44,Región Metropolitana,prim,negativa,0.8146
1162,femenino,30-44,Región Metropolitana,sec,positiva,0.8027
1163,femenino,30-44,Región Pampeana,sec,positiva,1.0783
1164,masculino,30-44,Región NEA,prim,positiva,1.0271
1165,femenino,16-29,Región Metropolitana,sec,negativa,0.6278
1166,masculino,45-59,Región Metropolitana,sec,positiva,0.9074
1167,masculino,30-44,Región Pampeana,sec,positiva,0.9594
1168,masculino,30-44,Región Pampeana,sec,positiva,0.9594
1169,masculino,30-44,Región Metropolitana,univ,negativa,0.9461
1170,masculino,16-29,Región NOA,univ,positiva,1.0338
1171,femenino,30-44,Región NOA,sec,negativa,1.1215
1172,masculino,30-44,Región Metropolitana,prim,positiva,0.8146
1173,masculino,30-44,Región Pampeana,prim,negativa,1.0942
1174,femenino,16-29,Región Metropolitana,prim,negativa,0.7161
1175,masculino,30-44,Región Metropolitana,univ,negativa,0.9461
1176,femenino,30-44,Región Metropolitana,terc,negativa,0.8449
1177,masculino,30-44,Región NEA,terc,positiva,0.9478
1178,femenino,30-44,Región Metropolitana,sec,positiva,0.8027
1179,femenino,16-29,Región Pampeana,sec,positiva,0.8434
1180,femenino,60+,Región Metropolitana,prim,negativa,1.4535
1181,masculino,45-59,Región Metropolitana,sec,positiva,0.9074
1182,masculino,45-59,Región Patagonia,sec,negativa,1.1499
1183,femenino,16-29,Región Metropolitana,terc,negativa,0.6608
1184,masculino,60+,Región Metropolitana,prim,positiva,1.2932
1185,femenino,45-59,Región Cuyo,sec,positiva,1.2831
1186,masculino,45-59,Región Metropolitana,sec,positiva,0.9074
1187,masculino,30-44,Región NOA,terc,positiva,1.0502
1188,masculino,45-59,Región Metropolitana,sec,negativa,0.9074
1189,masculino,30-44,Región Metropolitana,univ,negativa,0.9461
1190,femenino,16-29,Región Metropolitana,sec,positiva,0.6278
1191,femenino,16-29,Región Metropolitana,univ,positiva,0.8317
1192,femenino,30-44,Región Metropolitana,sec,negativa,0.8027
1193,femenino,16-29,Región Metropolitana,sec,positiva,0.6278
1194,masculino,16-29,Región Pampeana,prim,positiva,0.8558
1195,masculino,16-29,Región Metropolitana,prim,positiva,0.6371
1196,femenino,16-29,Región Metropolitana,sec,positiva,0.6278
1197,femenino,30-44,Región Metropolitana,sec,positiva,0.8027
1198,femenino,30-44,Región Cuyo,terc,positiva,1.0629
1199,femenino,16-29,Región Pampeana,prim,positiva,0.9619
1200,masculino,30-44,Región Pampeana,sec,negativa,0.9594
